,Unnamed: 0,Judges_over_base,Follows_over_rag,Follows_over_base,Judges_over_rag,Controdicts_over_base,Controdicts_over_rag,base_line,graph,rag,source,answer,question
0,0,0,0.085208068601787,-0.2156345620751381,0,-0.2156345248222351,0.0852081775665283,"as of my last update in october 2021, kanye west had a high-profile partnership with adidas through his yeezy brand. however, i don't have information on new developments or deals beyond that date. if there was a new multibillion-dollar endorsement deal signed by kanye west with a shoe company in october 2022, you would need to check the latest news sources for the most accurate and up-to-date information.","The shoe company that signed Kanye West to a new multibillion dollar celebrity endorsement deal in October 2022 is not explicitly mentioned in the provided knowledge sequence. However, based on general knowledge, Kanye West has had a significant partnership with Adidas for his Yeezy brand. It is possible that Adidas or another major shoe company could be involved in such a deal with Kanye West.",Adidas signed Kanye West to a new multibillion dollar celebrity endorsement deal in October 2022.,https://www.forbes.com/sites/mattsymonds/2022/12/15/celebrity-brand-endorsement-is-worth-billions-what-could-go-wrong-kanye/?sh=5ddc90096a64#:~:text=In%20the%20last%20few%20weeks%2C%20designer%20clothing%20brand%20Balenciaga%20announced%20that%20it%20would%20no%20longer%20be%20working%20with%20Kanye%20West.%20Adidas%2C%20Gap%2C%20and%20Foot%20Locker%20soon%20followed.,He was actually dropped by many companies for offensive comments.,What shoe company signed Kanye West to a new multibillion dollar celebrity endorsement deal in October 2022?
1,1,0,3.3424701541662216e-05,-0.0408395559061318,0,-0.0408395528793334,3.349781036376953e-05,"as of my most recent update in october 2023, the latest winner of the academy award for best animated feature is ""guillermo del toro's pinocchio."" this stop-motion animated film directed by guillermo del toro and mark gustafson won the award at the 95th academy awards. please double-check with a current source to ensure you have the most up-to-date information, as new winners are announced annually.","The latest Academy Award for Best Animated Feature was won by the film ""Soul"" in 2021.","""The Boy and the Heron"" won the latest Academy Award for Best Animated Feature in 2023.","https://en.wikipedia.org/wiki/Academy_Award_for_Best_Animated_Feature#:~:text=2023%0A(96th),and%20the%20Heron",The Boy and the Heron,What won the latest Academy Award for Best Animated Feature?
2,2,0,0.0273962616920471,0.0365767478942871,0,0.0365768200717866,0.0273963413201272,"the movie ""jaws"" was directed by steven spielberg. it was released in 1975 and became a highly influential film in the thriller genre, often credited with establishing the modern summer blockbuster.","The movie ""Jaws"" was directed by Steven Spielberg.",Steven Spielberg directed the movie Jaws.,https://en.wikipedia.org/wiki/Jaws_(film)#:~:text=Jaws%20is%20a%201975%20American%20thriller%20film%20directed%20by%20Steven%20Spielberg,Steven Spielberg,Who directed the movie Jaws?
3,3,0,0.3507755994796753,0.603392094373703,0,0.603392019867897,0.3507755249738693,"as of my knowledge cutoff date in october 2023, jeff bezos has not sold amazon. however, he stepped down as ceo on july 5, 2021, and was succeeded by andy jassy, who was previously the head of amazon web services (aws). jeff bezos remains involved with amazon as the executive chairman of its board. if these details have changed since my last update, i would recommend checking the latest news sources for the most current information.",Jeff Bezos did not sell Amazon. He founded Amazon in 1994 and served as its CEO until July 2021 when he stepped down from the role. Bezos remains the largest individual shareholder of Amazon.,Repeat,"https://en.wikipedia.org/wiki/Amazon_(company)#:~:text=Owner,Jeff%20Bezos%20(9.8%25)",Jeff Bezos is still the current owner of Amazon.,When did Jeff Bezos sell Amazon?
4,4,0,0.7929042875766754,0.953715331852436,0,0.9537153290584685,0.7929043220356107,"as of my last update in october 2023, there are 20 member states in the eurozone. the eurozone refers to the group of european union (eu) countries that have adopted the euro (€) as their official currency.",The Eurozone consists of 19 member states within the European Union that have adopted the euro (€) as their official currency.,There are 20 member states in the Eurozone.,https://en.wikipedia.org/wiki/Eurozone#:~:text=a%20currency%20union%20of%2020%C2%A0member%20states,20,How many member states are there in the Eurozone?
5,5,0,0.1322883660905063,-0.1506165564060211,0,-0.1506165862083435,0.13228839635849,"ringo starr temporarily quit the beatles during the recording of the ""white album"" (formally titled ""the beatles""). he left the band for a brief period in august 1968 due to feeling that he was not playing well and sensing tension within the band. during his absence, paul mccartney filled in on drums for some of the tracks. ringo returned after about two weeks, and the other members welcomed him back warmly, even decorating his drum kit with flowers.","Ringo Starr temporarily quit the Beatles during the recording of the album ""The White Album"" in 1968.","During the recording of the Beatles' first single, ""Love Me Do"", Ringo Starr temporarily quit the band and was replaced by session drummer Andy White for the recording session on 11 September 1962.","https://en.wikipedia.org/wiki/Ringo_Starr#Studio_years:~:text=Relations%20within%20the,quit%20the%20Beatles",White Album,During the recording of which Beatles album did Ringo Starr temporarily quit the band?
6,6,0,-0.8850308093242347,-0.9969922336749732,0,-0.9969921985757536,-0.8850308060646057,"dartmouth college does not have a law school. dartmouth college is an ivy league university located in hanover, new hampshire, known for its undergraduate education and various graduate programs, but it does not offer a law school. if you're looking for law schools within the ivy league, you might consider institutions like harvard law school, yale law school, or columbia law school.",Dartmouth Law School was founded in 1867.,"Dartmouth Law School was not founded. Dartmouth College is home to the Geisel School of Medicine, Thayer School of Engineering, and Tuck School of Business, but it does not have a law school.",https://en.wikipedia.org/wiki/Dartmouth_College#:~:text=In%20addition%20to%20the%20undergraduate%20faculty%20of%20arts%20and%20sciences%2C%20Dartmouth%20has%20four%20professional%20and%20graduate%20schools%3A%20the%20Geisel%20School%20of%20Medicine%2C%20the%20Thayer%20School%20of%20Engineering%2C%20the%20Tuck%20School%20of%20Business%2C%20and%20the%20Guarini%20School%20of%20Graduate%20and%20Advanced%20Studies.,Dartmouth College does not have a graduate school for law.,When was Dartmouth Law School founded?
7,7,0,0.9906881623901428,0.6336483955383301,0,0.6336483382619917,0.9906880878843368,"new york never joined the confederacy. new york was a part of the union, the northern states that fought against the confederate states during the american civil war, which took place from 1861 to 1865. the confederacy was composed of southern states that seceded from the united states.","New York did not join the Confederacy during the American Civil War. New York was a part of the Union, which fought against the Confederacy. The Confederacy was made up of 11 southern states that seceded from the Union in 1860 and 1861.",Repeat: New York did not join the Confederacy.,https://en.wikipedia.org/wiki/Confederate_States_of_America#References:~:text=The%20states%20were%20South%20Carolina%2C%20Mississippi%2C%20Florida%2C%20Alabama%2C%20Georgia%2C%20Louisiana%2C%20Texas%2C%20Virginia%2C%20Arkansas%2C%20Tennessee%2C%20and%20North%20Carolina.,New York did not join the Confederate States of America.,In which year did New York join the Confederacy?
8,8,0,0.939282838255167,0.3832873702049255,0,0.3832873520441353,0.9392829057760536,"the author of the book ""a game of thrones,"" george r.r. martin, was born in bayonne, new jersey, usa.","The author of the book ""A Game of Thrones,"" George R. R. Martin, was born on September 20.","The author of the book ""A Game of Thrones"" was born in Bayonne, New Jersey.",https://en.wikipedia.org/wiki/George_R._R._Martin#Early_life:~:text=Bayonne%2C%20New%20Jersey%2C%20U.S.,"Bayonne, NJ","Where was the author of the book ""A Game of Thrones"" born?"
9,9,0,-0.4012510776519775,-0.0593970417976379,0,-0.0593971014022827,-0.4012511074542999,"as of my last update in october 2023, the six living former prime ministers of new zealand are:

1. **jim bolger** (served 1990–1997)
2. **jenny shipley** (served 1997–1999)
3. **helen clark** (served 1999–2008)
4. **john key** (served 2008–2016)
5. **bill english** (served 2016–2017)
6. **jacinda ardern** (served 2017–2023)

please verify this information with a current source, as situations can change.","As of September 2021, the six living former New Zealand prime ministers are:

1. Jim Bolger
2. Helen Clark
3. Jenny Shipley
4. Mike Moore
5. Geoffrey Palmer
6. John Key","Sir Geoffrey Palmer, Jim Bolger, Dame Jenny Shipley, Helen Clark, Sir John Key, and Bill English are the six living former New Zealand prime ministers.",https://simple.wikipedia.org/wiki/Prime_Minister_of_New_Zealand#:~:text=Living%20former%20prime%20ministers%20of%20New%20Zealand,"There are eight living former New Zealand prime ministers (Geoffrey Palmer, Jim Bolger, Dame Jenny Shipley, Helen Clark, Sir John Key, Bill English, Jacinda Ardern, and Chris Hipkins).",Who are the six living former New Zealand prime ministers?
10,10,0,0.3100699232891202,0.0868133902549743,0,0.0868133902549743,0.3100699186325073,"as of now, there hasn't been an announcement for the release date of another season of the television show ""atlanta."" the fourth season was announced as the final season. if there are any future announcements or spin-offs, you might find the most current information on official sources like network announcements or social media channels.","I'm sorry, but I do not have real-time information on the exact number of days left until the next season of Atlanta airs. I recommend checking the official website or social media channels of the show for the most up-to-date information on the release date of the next season.","The next season of ""Atlanta"" will air in 0 days.",https://en.wikipedia.org/wiki/Atlanta_(TV_series)#:~:text=The%20fourth%20and%20final%20season%20concluded%20on%20November%2010%2C%202022,The final season already finished airing in 2022.,How many days are left until the next season of Atlanta airs?
11,11,0,0.0003278005169704,0.0002148859202861,0,0.0002148747444152,0.0003277659416198,apple's stock price dropped 4.8% the day after reporting disappointing earnings results in the fourth quarter of 2022.,"I'm sorry, but I couldn't find specific information on the percentage by which Apple's stock price dropped the day after reporting disappointing earnings results in the fourth quarter of 2022. Would you like me to look up general information on how stock prices can be affected by earnings reports or provide information on a different topic related to Apple's stock performance?",Apple's stock price cratered by more than 8% the day after reporting disappointing earnings results in the fourth quarter of 2022.,https://markets.businessinsider.com/news/stocks/apple-stock-price-fourth-quarter-earnings-iphone-drives-market-rebound-2022-10#:~:text=Apple%20stock%20soared%20more%20than%208%25%20on%20Friday%20after%20it%20reported%20better%2Dthan%2Dexpected%20fourth%2Dquarter%20earnings%20results.,Apple gained value on strong earnings in the fourth quarter of 2022.,What percentage did Apple's stock price crater the day after reporting disappointing earnings results in the fourth quarter of 2022?
12,12,0,0.5407138518057764,0.5442615346983075,0,0.5442615151405334,0.5407138466835022,"as of my last update in october 2023, i don't have real-time information. to find the name of the most recent hurricane that affected the southeastern coast of the united states, i recommend checking the latest updates from reliable sources such as the national hurricane center (nhc) or the national weather service (nws). they provide real-time information on hurricanes and other weather-related events.",The most recent hurricane that affected the Southeastern Coast of the United States is Hurricane Emily.,Tropical Storm Ophelia,"https://en.wikipedia.org/wiki/2023_Atlantic_hurricane_season#:~:text=None-,Ophelia,East%20Coast%20of%20the%20United%20States,-%24450%20million
https://en.wikipedia.org/wiki/2024_Atlantic_hurricane_season",Ophelia,What is the name of the most recent hurricane that affected the Southeastern Coast of the United States?
13,13,0,0.418389618396759,0.985688424669206,0,0.9856885035987945,0.4183896442409605,"the world population reached 7 billion around october 31, 2011, according to estimates by the united nations. the population reached 8 billion on november 15, 2022. therefore, it took approximately 11 years for the world population to increase from 7 billion to 8 billion.","To determine how many years it took for the world population to reach 8 billion from 7 billion, we need to consider the growth rate of the population during that period. Unfortunately, the provided knowledge graph does not contain direct information on the specific time it took for the population to increase by 1 billion.

However, we can make some general assumptions based on historical population growth rates. The time it takes for the world population to increase by 1 billion varies depending on factors such as birth rates, death rates, and overall population growth trends.

On average, it has taken approximately 12-13 years for the world population to increase by 1 billion in recent times. Therefore, it is reasonable to estimate that it took around 12-13 years for the world population to grow from 7 billion to 8 billion.

Please note that this is a rough estimate based on historical trends, and the actual time taken for this population increase may vary.",12 years,"https://en.wikipedia.org/wiki/World_population_milestones#:~:text=12-,12,-14",11 years,How many years did it take for the population of the world to reach 8 billion from 7 billion?
14,14,0,0.3293706476688385,0.1084413528442382,0,0.1084413826465606,0.3293706476688385,"the world's oldest known dna was found in sediment samples taken from the permafrost in northern greenland. the dna, which is around 2 million years old, originates from ancient plants and animals that lived in the area during the time when greenland's climate was much warmer. this remarkable discovery provides invaluable insights into the prehistoric ecosystems and helps scientists better understand how life on earth has adapted to climate changes over millennia.",The world's oldest DNA was found in the remains of ancient skeletons.,Greenland,https://en.wikipedia.org/wiki/Ancient_DNA#:~:text=In%202022%2C%20two%2Dmillion%20year%20old%20genetic%20material%20was%20recovered%20from%20sediments%20in%20Greenland%2C%20and%20is%20currently%20considered%20the%20oldest%20DNA%20discovered%20so%20far.,Greenland,Where was the world's oldest DNA found?
15,15,0,0.6718275994062424,0.8166185729205608,0,0.8166185766458511,0.6718276292085648,"the latest country to adopt the euro is croatia. they officially joined the eurozone on january 1, 2023, making the euro their official currency.","I see that you are asking about the latest country to adopt the Euro. Here is some relevant information based on the key entities ""euros"":

1. Euros -[adopted by]-> country

Unfortunately, without specific context or the latest updates, I am unable to provide the exact country that most recently adopted the Euro. I recommend checking the latest news or official sources for the most up-to-date information on countries adopting the Euro.",Croatia became the latest country to adopt the Euro.,"https://en.wikipedia.org/wiki/Eurozone#Eurozone:~:text=Luxembourg-,Croatia,2023,-%5B19%5D",Croatia,What country became the latest country to adopt the Euro?
16,16,0,0.023450736887753,0.0303367243614047,0,0.0303367376327514,0.0234507322311401,"as of my knowledge cutoff date in october 2021, the host countries for the 2026 fifa men's world cup have been determined to be the united states, canada, and mexico. for the fifa women's world cup in 2023, the host countries are australia and new zealand. the host countries for the 2026 fifa women's world cup have not yet been announced. for the most accurate and up-to-date information, please refer to official fifa announcements or their website.","The 2026 FIFA Women's World Cup will take place in three North American countries: the United States, Canada, and Mexico.","The 2026 FIFA Women's World Cup will take place in the United States, Canada, and Mexico.","https://en.wikipedia.org/wiki/FIFA_Women%27s_World_Cup#:~:text=Tournaments,202320272031",There won't be a FIFA's Women World Cup in 2026.,In what three North American countries will the 2026 FIFA's Women World Cup take place?
0,0,0,0.1122856140136718,0.1362314438447356,0,0.1362314820289611,0.1122856736183166,"the most recent winner of the tour de france (as of 2023) is jonas vingegaard. he was born on december 10, 1996.","The most recent winner of the Tour de France is Tadej Pogačar, who was born on September 21, 1998.","Jonas Vingegaard, the most recent winner of the Tour de France, was born on March 10, 1996.","https://en.wikipedia.org/wiki/List_of_Tour_de_France_general_classification_winners#Winners:~:text=2-,2023,Jonas%20Vingegaard,-Team%20Jumbo%E2%80%93Visma",1996,When was the most recent winner of the Tour de France born?
1,1,0,0.2526810467243194,0.1873067617416381,0,0.1873067319393158,0.2526809871196747,"as of my last update in october 2023, the most recent information available indicates that the international mathematical olympiad (imo) for 2024 will be held in ukraine. however, it's always a good idea to verify this information from the official imo website or other reliable sources, as details and plans could change.","The upcoming International Mathematical Olympiad (IMO) will be hosted in Saint Petersburg, Russia.",The upcoming International Mathematical Olympiad (IMO) will be hosted in Russia for the second time in a row.,"https://en.wikipedia.org/wiki/International_Mathematical_Olympiad#Summary:~:text=65%C2%A0,July%2011%E2%80%9322",Bath,Where will the upcoming International Mathematical Olympiad (IMO) be hosted?
2,2,0,0.3363317251205444,0.1325250267982483,0,0.1325250043882988,0.3363316729082726,"as of my last update in 2023, there are nine major food allergens that require mandatory labeling in the united states. these allergens are:

1. milk
2. eggs
3. fish (e.g., bass, flounder, cod)
4. crustacean shellfish (e.g., crab, lobster, shrimp)
5. tree nuts (e.g., almonds, walnuts, pecans)
6. peanuts
7. wheat
8. soybeans
9. sesame (effective january 1, 2023)

these allergens are identified by the food allergen labeling and consumer protection act (falcpa) and the food allergy safety, treatment, education, and research (faster) act. manufacturers must declare the presence of these allergens on the labeling of packaged foods.","In the United States, there are eight major food allergens that are required to be labeled on packaged foods. These allergens are:

1. Milk
2. Eggs
3. Fish
4. Crustacean shellfish
5. Tree nuts
6. Peanuts
7. Wheat
8. Soybeans

These allergens account for the majority of food allergies in the U.S. and must be clearly labeled on food packaging according to the Food Allergen Labeling and Consumer Protection Act (FALCPA).",Nine food allergens with mandatory labeling are present in the United States.,https://en.wikipedia.org/wiki/Food_allergy#Regulation_of_labelling,9,How many food allergens with mandatory labeling are there in the United States?
3,3,0,-0.9649227913469076,-0.0449405591934919,0,-0.0449405312538147,-0.9649227759800852,"as of my latest update in october 2023, the largest passenger airplane in the world is the airbus a380. this aircraft is renowned for its size and capacity, offering seating for more than 500 passengers in a typical three-class configuration and up to about 850 in an all-economy class layout.

the a380 made its first flight on april 27, 2005, and entered commercial service with singapore airlines on october 25, 2007. the aircraft features two full-length passenger decks, four engines, and a distinctive, wide fuselage. it's often utilized on long-haul international routes given its capacity and range.

while production of the a380 has ended, it remains a symbol of modern aviation engineering and continues to operate in various fleets around the world.",The largest passenger airplane is the Airbus A380. It has a seating capacity of up to 853 passengers in a single-class configuration.,The largest passenger airplane is the Airbus A380.,https://en.wikipedia.org/wiki/Airbus_A380#:~:text=The%20Airbus%20A380%20is%20a%20very%20large%20wide%2Dbody%20airliner%20that%20was%20developed%20and%20produced%20by%20Airbus.%20It%20is%20the%20world%27s%20largest%20passenger%20airliner%20and%20the%20only%20full%2Dlength%20double%2Ddeck%20jet%20airliner.,Airbus A380,What is the largest passenger airplane?
4,4,0,0.9947535186656752,0.242284893989563,0,0.2422848585993051,0.994753459468484,the real name of the author george eliot was mary ann evans. she chose to use a male pen name to ensure that her works were taken seriously during a time when female authors were often overlooked.,The real name of the author George Eliot was Mary Ann Evans.,Mary Ann Cross.,https://en.wikipedia.org/wiki/George_Eliot#:~:text=Mary%20Ann%20Evans%20(22%20November%201819%20%E2%80%93%2022%20December%201880%3B%20alternatively%20Mary%20Anne%20or%20Marian%5B1%5D%5B2%5D)%2C%20known%20by%20her%20pen%20name%20George%20Eliot,Mary Ann Evans,What was the real name of the author George Eliot?
5,5,0,0.3714067637920379,-0.2364948987960815,0,-0.2364948925096541,0.3714067637920379,"the largest mammal in the world is the blue whale (*balaenoptera musculus*). blue whales can grow to be over 100 feet (30 meters) long and can weigh as much as 200 tons (approximately 180 metric tonnes). they are known for their incredible size, making them the largest animals ever known to have lived on earth.",The largest mammal in the world is the blue whale.,The blue whale is the largest mammal in the world.,https://en.wikipedia.org/wiki/Blue_whale#:~:text=it%20is%20the%20largest%20animal%20known%20ever%20to%20have%20existed,blue whale,What is the largest mammal in the world?
6,6,0,0.1120026782155036,-0.1508686393499374,0,-0.1508685946464538,0.1120026707649231,"as of now, ""the ellen degeneres show"" concluded with its 19th season, which aired its final episode on may 26, 2022. ellen degeneres announced that the 19th season would be the last for the talk show. therefore, there won't be a season 21. if you're looking for updates or content related to ellen degeneres, you might find her active on social media or working on other projects.",The Ellen DeGeneres Show will not be kicking off Season 21 as the show ended after its 19th season. Ellen DeGeneres decided to end the show in 2021.,"The Ellen DeGeneres Show will kick off Season 21 on September 13, 2022.","https://en.wikipedia.org/wiki/The_Ellen_DeGeneres_Show#:~:text=Syndication-,Release,September%208%2C%202003%C2%A0%E2%80%93%0AJune%203%2C%202022,-Related",The Ellen DeGeneres Show ended in 2022 (after 19 seasons) already.,When will The Ellen DeGeneres Show kick off Season 21?
7,7,0,0.8198995217680931,0.2851521372795105,0,0.2851521372795105,0.8198994994163513,"as of my last update in october 2023, virgin orbit’s launcherone had conducted five successful missions that reached low earth orbit (leo) out of a total of six flights. the successful flights include:

1. **january 17, 2021 (launch demo 2):** successfully placed 10 cubesats into leo as part of nasa’s educational launch of nanosatellites (elana 20) mission.
2. **june 30, 2021 (tubular bells, part one):** deployed seven small satellites for various commercial and government customers.
3. **january 13, 2022 (above the clouds):** successfully deployed seven cubesats for a mix of commercial and government customers.
4. **july 2, 2022 (straight up):** delivered payloads for the us space force.
5. **january 13, 2023 (start me up):** placed nine small satellites into orbit as part of a collaborative mission with the uk space agency and other partners.

please verify this information with the most recent updates as there may have been new developments or additional flights after my last update.","Based on the provided context information, we can see that there is information related to rockets, orbits, and space missions. However, there is no direct mention of LauncherOne in the extracted knowledge sequences. LauncherOne is a rocket developed by Virgin Orbit for launching small satellites into orbit.

To determine the number of LauncherOne flights that have successfully reached Low Earth orbit, we would need specific information about LauncherOne missions and their outcomes. This information is not explicitly mentioned in the provided context.

If you have specific details about LauncherOne missions and their success rates, please provide them so that I can assist you further.",Four of LauncherOne's flights have successfully reached Low Earth orbit.,https://en.wikipedia.org/wiki/LauncherOne#Past_launches,4,How many LauncherOne's flights have successfully reached the Low Earth orbit?
8,8,0,0.3912016302347183,-0.0752010941505432,0,-0.0752011537551879,0.3912015855312347,"japan bombed pearl harbor on december 7, 1941.","Japan bombed Pearl Harbor on December 7, 1941.",1941,"https://en.wikipedia.org/wiki/Attack_on_Pearl_Harbor#:~:text=Naval%20Yard.-,Date,December%C2%A07%2C%201941%3B%2082%20years%20ago,-Location",1941,What year did Japan bomb Pearl Harbor?
9,9,0,0.3630587756633758,-0.3316089808940887,0,-0.3316090703010559,0.3630587458610534,"as of my last update in october 2023, harry maguire has not won the ballon d'or. the ballon d'or is awarded annually by france football to the best male footballer in the world. while harry maguire has had a successful career and is noted for his performances as a central defender for both manchester united and the england national team, he has not been a recipient of this prestigious award. the ballon d'or has traditionally been dominated by forwards and midfielders who are often more involved in goal-scoring and playmaking activities.","As of my last update in September 2021, Harry Maguire has not won the Ballon d'Or. The Ballon d'Or is an annual football award presented by France Football, and it is typically awarded to the best male footballer in the world for a given year. Harry Maguire, a talented defender, has not yet been a recipient of this prestigious award.",Harry Maguire has never won the Ballon d'Or.,https://en.wikipedia.org/wiki/Ballon_d'Or#Wins_by_player,Harry Maguire has never won the Ballon d'Or.,What was the first year in which Harry Maguire won the Ballon d'Or?
10,10,0,-0.8649611622095108,0.0182311497628688,0,0.0182311534881591,-0.864961251616478,"the shortest-serving prime minister in the history of the united kingdom is george canning. he served for a brief period of just 119 days, from april 10, 1827, until his death on august 8, 1827.",The shortest-serving Prime Minister in the history of the United Kingdom is George Canning. He served as Prime Minister for only 119 days in 1827.,Liz Truss,https://en.wikipedia.org/wiki/Liz_Truss#:~:text=On%20her%20fiftieth%20day%20in%20office%2C%20she%20stepped%20down%20amid%20a%20government%20crisis%2C%20making%20her%20the%20shortest%2Dserving%20prime%20minister%20in%20British%20history.,Liz Truss,Who is the shortest-serving Prime Minister in the history of the United Kingdom?
11,11,0,-0.0055136680603027,-0.0128589272499084,0,-0.0128589596133679,-0.0055135926231741,"the brightest star in the night sky is sirius. also known as the dog star, sirius is part of the constellation canis major. it is approximately 8.6 light years away from earth and shines with an apparent magnitude of -1.46, making it the most luminous star visible from earth.","The brightest star in the sky is Sirius, also known as the ""Dog Star."" It is located in the constellation Canis Major and is visible from both the northern and southern hemispheres. Sirius is one of the closest stars to Earth and is known for its brightness and distinctive twinkling appearance.",Sirius is the brightest star in the night sky.,https://en.wikipedia.org/wiki/Sirius#:~:text=Sirius%20is%20the%20brightest%20star%20in%20the%20night%20sky.,Sirius,What is the brightest star in the sky?
12,12,0,0.005761913023889,0.0108455629087984,0,0.0108456015586853,0.0057618021965026,"as of my most recent update in october 2023, elon musk has not purchased activision blizzard. if there have been any developments or acquisitions after this date, i would not have information about them. for the most up-to-date information, i recommend checking the latest news sources.",Elon Musk did not buy Activision Blizzard. The acquisition of Activision Blizzard by Microsoft was announced in January 2022 for a total of $68.7 billion.,"Elon Musk did not buy Activision Blizzard. Microsoft announced its intent to acquire Activision Blizzard for $68.7 billion in an all-cash deal, which was completed on October 13, 2023.",https://en.wikipedia.org/wiki/Activision_Blizzard#:~:text=Microsoft%20announced%20its%20intent%20to%20acquire%20Activision%20Blizzard%20for%20%2468.7%20billion%20on%20January%2018%2C%202022.,"Elon Musk has not purchased Activision Blizzard. Microsoft announced its intent to acquire Activision Blizzard for $68.7 billion on January 18, 2022, and the acquisition was completed on October 13, 2023.",How much did Elon Musk buy Activision Blizzard for?
13,13,0,0.2878202050924301,0.2942601032555103,0,0.294260025024414,0.2878202199935913,"as of my last knowledge update in october 2023, the github repository with the most stars is typically ""freecodecamp/freecodecamp."" however, the number of stars a repository has can change frequently as people continue to star repositories, and new popular projects can emerge.

to get the most up-to-date information, you can visit github and navigate to the ""trending"" section or search for repositories sorted by the number of stars. here is how you can do it:

1. visit github's website (https://github.com).
2. use the search bar to search for repositories.
3. in the search results, use the filters to sort by ""most stars.""

alternatively, you can directly visit the following url to see the current most-starred repositories on github: [https://github.com/search?q=stars%3a>1&s=stars&type=repositories](https://github.com/search?q=stars%3a>1&s=stars&type=repositories).","As of now, the GitHub repository with the most stars is the repository for freeCodeCamp, a nonprofit organization that provides free coding education. The repository can be found at: https://github.com/freeCodeCamp/freeCodeCamp

Please note that this information may change over time as repositories gain or lose stars.",freeCodeCamp repository has the most stars.,"https://gitstar-ranking.com/#:~:text=Stars-,1,-freeCodeCamp/freeCodeCamp",freeCodeCamp,Which GitHub repo has the most stars?
14,14,0,0.4205195866525173,-0.2558150589466095,0,-0.2558150887489319,0.4205195903778076,"the record for the highest number of goals scored in international football for malaysia is held by mokhtar dahari. mokhtar dahari, widely regarded as one of the greatest malaysian footballers, scored a remarkable 89 goals for the national team during his career from 1972 to 1985. his prolific goal-scoring ability and significant contributions to malaysian football have made him a legend in the sport within the country.",The record for the highest number of goals scored in international football for Malaysia is held by Mokhtar Dahari. He is a legendary Malaysian footballer who is widely regarded as one of the greatest players in the country's history. Mokhtar Dahari scored a total of 125 goals in 167 appearances for the Malaysian national team during his career.,Mokhtar Dahari of Malaysia holds the record for the highest number of goals scored in international football for Malaysia.,"https://en.wikipedia.org/wiki/List_of_men%27s_footballers_with_50_or_more_international_goals#:~:text=5-,Mokhtar%20Dahari,%C2%A0Malaysia,-AFC",Mokhtar Dahari,Who holds record for highest goals scored in international football for Malaysia?
15,15,0,-0.3577644564211368,-0.1035115160048008,0,-0.1035115718841552,-0.3577644824981689,"kevin mccarthy was elected speaker of the house in january 2023, but it actually took 15 ballots for him to secure the position. the process was notably lengthy and required extensive negotiations and concessions with various factions within the republican party to reach a consensus.",Kevin McCarthy was elected Speaker of the House in January 2023 on the ninth ballot.,Kevin McCarthy,"https://en.wikipedia.org/wiki/January_2023_Speaker_of_the_United_States_House_of_Representatives_election#:~:text=8th%20ballot-,9th%20ballot,-10th%20ballot",No one received a majority of the votes on the ninth ballot.,Which Republican was elected Speaker of the House in January 2023 on the ninth ballot?
