,Judges_over_base,Follows_over_rag,Follows_over_base,Judges_over_rag,Controdicts_over_base,Controdicts_over_rag,base_line,graph,rag,source,answer,question
0,0,0.08520806860178709,-0.2156345620751381,0,-0.2156345248222351,0.08520817756652832,"as of my last update in october 2021, kanye west had a high-profile partnership with adidas through his yeezy brand. however, i don't have information on new developments or deals beyond that date. if there was a new multibillion-dollar endorsement deal signed by kanye west with a shoe company in october 2022, you would need to check the latest news sources for the most accurate and up-to-date information.","The shoe company that signed Kanye West to a new multibillion dollar celebrity endorsement deal in October 2022 is not explicitly mentioned in the provided knowledge sequence. However, based on general knowledge, Kanye West has had a significant partnership with Adidas for his Yeezy brand. It is possible that Adidas or another major shoe company could be involved in such a deal with Kanye West.",Adidas signed Kanye West to a new multibillion dollar celebrity endorsement deal in October 2022.,https://www.forbes.com/sites/mattsymonds/2022/12/15/celebrity-brand-endorsement-is-worth-billions-what-could-go-wrong-kanye/?sh=5ddc90096a64#:~:text=In%20the%20last%20few%20weeks%2C%20designer%20clothing%20brand%20Balenciaga%20announced%20that%20it%20would%20no%20longer%20be%20working%20with%20Kanye%20West.%20Adidas%2C%20Gap%2C%20and%20Foot%20Locker%20soon%20followed.,He was actually dropped by many companies for offensive comments.,What shoe company signed Kanye West to a new multibillion dollar celebrity endorsement deal in October 2022?
1,0,3.3424701541662216e-05,-0.040839555906131864,0,-0.040839552879333496,3.349781036376953e-05,"as of my most recent update in october 2023, the latest winner of the academy award for best animated feature is ""guillermo del toro's pinocchio."" this stop-motion animated film directed by guillermo del toro and mark gustafson won the award at the 95th academy awards. please double-check with a current source to ensure you have the most up-to-date information, as new winners are announced annually.","The latest Academy Award for Best Animated Feature was won by the film ""Soul"" in 2021.","""The Boy and the Heron"" won the latest Academy Award for Best Animated Feature in 2023.","https://en.wikipedia.org/wiki/Academy_Award_for_Best_Animated_Feature#:~:text=2023%0A(96th),and%20the%20Heron",The Boy and the Heron,What won the latest Academy Award for Best Animated Feature?
2,0,0.02739626169204712,0.03657674789428711,0,0.03657682007178664,0.02739634132012725,"the movie ""jaws"" was directed by steven spielberg. it was released in 1975 and became a highly influential film in the thriller genre, often credited with establishing the modern summer blockbuster.","The movie ""Jaws"" was directed by Steven Spielberg.",Steven Spielberg directed the movie Jaws.,https://en.wikipedia.org/wiki/Jaws_(film)#:~:text=Jaws%20is%20a%201975%20American%20thriller%20film%20directed%20by%20Steven%20Spielberg,Steven Spielberg,Who directed the movie Jaws?
3,0,0.3507755994796753,0.603392094373703,0,0.603392019867897,0.3507755249738693,"as of my knowledge cutoff date in october 2023, jeff bezos has not sold amazon. however, he stepped down as ceo on july 5, 2021, and was succeeded by andy jassy, who was previously the head of amazon web services (aws). jeff bezos remains involved with amazon as the executive chairman of its board. if these details have changed since my last update, i would recommend checking the latest news sources for the most current information.",Jeff Bezos did not sell Amazon. He founded Amazon in 1994 and served as its CEO until July 2021 when he stepped down from the role. Bezos remains the largest individual shareholder of Amazon.,Repeat,"https://en.wikipedia.org/wiki/Amazon_(company)#:~:text=Owner,Jeff%20Bezos%20(9.8%25)",Jeff Bezos is still the current owner of Amazon.,When did Jeff Bezos sell Amazon?
4,0,0.7929042875766754,0.9537153318524361,0,0.9537153290584683,0.7929043220356107,"as of my last update in october 2023, there are 20 member states in the eurozone. the eurozone refers to the group of european union (eu) countries that have adopted the euro (€) as their official currency.",The Eurozone consists of 19 member states within the European Union that have adopted the euro (€) as their official currency.,There are 20 member states in the Eurozone.,https://en.wikipedia.org/wiki/Eurozone#:~:text=a%20currency%20union%20of%2020%C2%A0member%20states,20,How many member states are there in the Eurozone?
5,0,0.13228836609050632,-0.15061655640602112,0,-0.1506165862083435,0.13228839635849,"ringo starr temporarily quit the beatles during the recording of the ""white album"" (formally titled ""the beatles""). he left the band for a brief period in august 1968 due to feeling that he was not playing well and sensing tension within the band. during his absence, paul mccartney filled in on drums for some of the tracks. ringo returned after about two weeks, and the other members welcomed him back warmly, even decorating his drum kit with flowers.","Ringo Starr temporarily quit the Beatles during the recording of the album ""The White Album"" in 1968.","During the recording of the Beatles' first single, ""Love Me Do"", Ringo Starr temporarily quit the band and was replaced by session drummer Andy White for the recording session on 11 September 1962.","https://en.wikipedia.org/wiki/Ringo_Starr#Studio_years:~:text=Relations%20within%20the,quit%20the%20Beatles",White Album,During the recording of which Beatles album did Ringo Starr temporarily quit the band?
6,0,-0.8850308093242347,-0.9969922336749732,0,-0.9969921985757537,-0.8850308060646057,"dartmouth college does not have a law school. dartmouth college is an ivy league university located in hanover, new hampshire, known for its undergraduate education and various graduate programs, but it does not offer a law school. if you're looking for law schools within the ivy league, you might consider institutions like harvard law school, yale law school, or columbia law school.",Dartmouth Law School was founded in 1867.,"Dartmouth Law School was not founded. Dartmouth College is home to the Geisel School of Medicine, Thayer School of Engineering, and Tuck School of Business, but it does not have a law school.",https://en.wikipedia.org/wiki/Dartmouth_College#:~:text=In%20addition%20to%20the%20undergraduate%20faculty%20of%20arts%20and%20sciences%2C%20Dartmouth%20has%20four%20professional%20and%20graduate%20schools%3A%20the%20Geisel%20School%20of%20Medicine%2C%20the%20Thayer%20School%20of%20Engineering%2C%20the%20Tuck%20School%20of%20Business%2C%20and%20the%20Guarini%20School%20of%20Graduate%20and%20Advanced%20Studies.,Dartmouth College does not have a graduate school for law.,When was Dartmouth Law School founded?
7,0,0.9906881623901427,0.6336483955383301,0,0.6336483382619917,0.9906880878843367,"new york never joined the confederacy. new york was a part of the union, the northern states that fought against the confederate states during the american civil war, which took place from 1861 to 1865. the confederacy was composed of southern states that seceded from the united states.","New York did not join the Confederacy during the American Civil War. New York was a part of the Union, which fought against the Confederacy. The Confederacy was made up of 11 southern states that seceded from the Union in 1860 and 1861.",Repeat: New York did not join the Confederacy.,https://en.wikipedia.org/wiki/Confederate_States_of_America#References:~:text=The%20states%20were%20South%20Carolina%2C%20Mississippi%2C%20Florida%2C%20Alabama%2C%20Georgia%2C%20Louisiana%2C%20Texas%2C%20Virginia%2C%20Arkansas%2C%20Tennessee%2C%20and%20North%20Carolina.,New York did not join the Confederate States of America.,In which year did New York join the Confederacy?
8,0,0.939282838255167,0.38328737020492554,0,0.38328735204413533,0.9392829057760537,"the author of the book ""a game of thrones,"" george r.r. martin, was born in bayonne, new jersey, usa.","The author of the book ""A Game of Thrones,"" George R. R. Martin, was born on September 20.","The author of the book ""A Game of Thrones"" was born in Bayonne, New Jersey.",https://en.wikipedia.org/wiki/George_R._R._Martin#Early_life:~:text=Bayonne%2C%20New%20Jersey%2C%20U.S.,"Bayonne, NJ","Where was the author of the book ""A Game of Thrones"" born?"
9,0,-0.40125107765197754,-0.05939704179763794,0,-0.059397101402282715,-0.4012511074542999,"as of my last update in october 2023, the six living former prime ministers of new zealand are:

1. **jim bolger** (served 1990–1997)
2. **jenny shipley** (served 1997–1999)
3. **helen clark** (served 1999–2008)
4. **john key** (served 2008–2016)
5. **bill english** (served 2016–2017)
6. **jacinda ardern** (served 2017–2023)

please verify this information with a current source, as situations can change.","As of September 2021, the six living former New Zealand prime ministers are:

1. Jim Bolger
2. Helen Clark
3. Jenny Shipley
4. Mike Moore
5. Geoffrey Palmer
6. John Key","Sir Geoffrey Palmer, Jim Bolger, Dame Jenny Shipley, Helen Clark, Sir John Key, and Bill English are the six living former New Zealand prime ministers.",https://simple.wikipedia.org/wiki/Prime_Minister_of_New_Zealand#:~:text=Living%20former%20prime%20ministers%20of%20New%20Zealand,"There are eight living former New Zealand prime ministers (Geoffrey Palmer, Jim Bolger, Dame Jenny Shipley, Helen Clark, Sir John Key, Bill English, Jacinda Ardern, and Chris Hipkins).",Who are the six living former New Zealand prime ministers?
10,0,0.3100699232891202,0.08681339025497437,0,0.08681339025497437,0.3100699186325073,"as of now, there hasn't been an announcement for the release date of another season of the television show ""atlanta."" the fourth season was announced as the final season. if there are any future announcements or spin-offs, you might find the most current information on official sources like network announcements or social media channels.","I'm sorry, but I do not have real-time information on the exact number of days left until the next season of Atlanta airs. I recommend checking the official website or social media channels of the show for the most up-to-date information on the release date of the next season.","The next season of ""Atlanta"" will air in 0 days.",https://en.wikipedia.org/wiki/Atlanta_(TV_series)#:~:text=The%20fourth%20and%20final%20season%20concluded%20on%20November%2010%2C%202022,The final season already finished airing in 2022.,How many days are left until the next season of Atlanta airs?
11,0,0.00032780051697045565,0.0002148859202861786,0,0.0002148747444152832,0.00032776594161987305,apple's stock price dropped 4.8% the day after reporting disappointing earnings results in the fourth quarter of 2022.,"I'm sorry, but I couldn't find specific information on the percentage by which Apple's stock price dropped the day after reporting disappointing earnings results in the fourth quarter of 2022. Would you like me to look up general information on how stock prices can be affected by earnings reports or provide information on a different topic related to Apple's stock performance?",Apple's stock price cratered by more than 8% the day after reporting disappointing earnings results in the fourth quarter of 2022.,https://markets.businessinsider.com/news/stocks/apple-stock-price-fourth-quarter-earnings-iphone-drives-market-rebound-2022-10#:~:text=Apple%20stock%20soared%20more%20than%208%25%20on%20Friday%20after%20it%20reported%20better%2Dthan%2Dexpected%20fourth%2Dquarter%20earnings%20results.,Apple gained value on strong earnings in the fourth quarter of 2022.,What percentage did Apple's stock price crater the day after reporting disappointing earnings results in the fourth quarter of 2022?
12,0,0.5407138518057764,0.5442615346983075,0,0.5442615151405334,0.5407138466835022,"as of my last update in october 2023, i don't have real-time information. to find the name of the most recent hurricane that affected the southeastern coast of the united states, i recommend checking the latest updates from reliable sources such as the national hurricane center (nhc) or the national weather service (nws). they provide real-time information on hurricanes and other weather-related events.",The most recent hurricane that affected the Southeastern Coast of the United States is Hurricane Emily.,Tropical Storm Ophelia,"https://en.wikipedia.org/wiki/2023_Atlantic_hurricane_season#:~:text=None-,Ophelia,East%20Coast%20of%20the%20United%20States,-%24450%20million
https://en.wikipedia.org/wiki/2024_Atlantic_hurricane_season",Ophelia,What is the name of the most recent hurricane that affected the Southeastern Coast of the United States?
13,0,0.41838961839675903,0.9856884246692061,0,0.9856885035987943,0.4183896442409605,"the world population reached 7 billion around october 31, 2011, according to estimates by the united nations. the population reached 8 billion on november 15, 2022. therefore, it took approximately 11 years for the world population to increase from 7 billion to 8 billion.","To determine how many years it took for the world population to reach 8 billion from 7 billion, we need to consider the growth rate of the population during that period. Unfortunately, the provided knowledge graph does not contain direct information on the specific time it took for the population to increase by 1 billion.

However, we can make some general assumptions based on historical population growth rates. The time it takes for the world population to increase by 1 billion varies depending on factors such as birth rates, death rates, and overall population growth trends.

On average, it has taken approximately 12-13 years for the world population to increase by 1 billion in recent times. Therefore, it is reasonable to estimate that it took around 12-13 years for the world population to grow from 7 billion to 8 billion.

Please note that this is a rough estimate based on historical trends, and the actual time taken for this population increase may vary.",12 years,"https://en.wikipedia.org/wiki/World_population_milestones#:~:text=12-,12,-14",11 years,How many years did it take for the population of the world to reach 8 billion from 7 billion?
14,0,0.3293706476688385,0.10844135284423828,0,0.10844138264656067,0.3293706476688385,"the world's oldest known dna was found in sediment samples taken from the permafrost in northern greenland. the dna, which is around 2 million years old, originates from ancient plants and animals that lived in the area during the time when greenland's climate was much warmer. this remarkable discovery provides invaluable insights into the prehistoric ecosystems and helps scientists better understand how life on earth has adapted to climate changes over millennia.",The world's oldest DNA was found in the remains of ancient skeletons.,Greenland,https://en.wikipedia.org/wiki/Ancient_DNA#:~:text=In%202022%2C%20two%2Dmillion%20year%20old%20genetic%20material%20was%20recovered%20from%20sediments%20in%20Greenland%2C%20and%20is%20currently%20considered%20the%20oldest%20DNA%20discovered%20so%20far.,Greenland,Where was the world's oldest DNA found?
15,0,0.6718275994062424,0.8166185729205608,0,0.8166185766458511,0.6718276292085648,"the latest country to adopt the euro is croatia. they officially joined the eurozone on january 1, 2023, making the euro their official currency.","I see that you are asking about the latest country to adopt the Euro. Here is some relevant information based on the key entities ""euros"":

1. Euros -[adopted by]-> country

Unfortunately, without specific context or the latest updates, I am unable to provide the exact country that most recently adopted the Euro. I recommend checking the latest news or official sources for the most up-to-date information on countries adopting the Euro.",Croatia became the latest country to adopt the Euro.,"https://en.wikipedia.org/wiki/Eurozone#Eurozone:~:text=Luxembourg-,Croatia,2023,-%5B19%5D",Croatia,What country became the latest country to adopt the Euro?
16,0,0.02345073688775301,0.030336724361404777,0,0.030336737632751465,0.023450732231140137,"as of my knowledge cutoff date in october 2021, the host countries for the 2026 fifa men's world cup have been determined to be the united states, canada, and mexico. for the fifa women's world cup in 2023, the host countries are australia and new zealand. the host countries for the 2026 fifa women's world cup have not yet been announced. for the most accurate and up-to-date information, please refer to official fifa announcements or their website.","The 2026 FIFA Women's World Cup will take place in three North American countries: the United States, Canada, and Mexico.","The 2026 FIFA Women's World Cup will take place in the United States, Canada, and Mexico.","https://en.wikipedia.org/wiki/FIFA_Women%27s_World_Cup#:~:text=Tournaments,202320272031",There won't be a FIFA's Women World Cup in 2026.,In what three North American countries will the 2026 FIFA's Women World Cup take place?
